,Real Delivery Time (hr),Material Requested (kg),Material Arrived (kg),Material Cost (baht)
2023-01-01,4.083767290637653,1510.4244329320934,1466.2580528183948,5468.316916161851
2023-01-02,6.909121809079035,1636.795048859336,1599.153150376515,5307.355648802933
2023-01-03,5.8903996863067345,1564.3068507403489,1549.1890213940765,4864.442066815415
2023-01-04,5.951306252324424,1525.660502284451,1544.4216313385643,4997.141633807577
2023-01-05,4.451809800645751,1485.4551754085046,1484.943505375429,4816.616416897845
2023-01-06,3.924466475618469,1543.2089184288518,1365.4081692947761,4438.069627091101
2023-01-07,5.161841088047991,1478.1349457468195,1564.07082951798,5094.482107311158
2023-01-08,5.699735649175061,1571.670635494399,1575.7015570099477,4991.507585134909
2023-01-09,6.776423637014556,1606.2719665288478,1636.8951792702178,4901.797069325026
2023-01-10,7.579411469470336,1674.277545996957,1593.066715327811,4974.543873972707
2023-01-11,8.227173280791668,1510.4227469670936,1500.677722055984,5142.163089575617
2023-01-12,5.385192635338055,1534.9315719199542,1452.4655775035162,5293.412049487113
2023-01-13,2.6947310240383824,1432.8777283047775,1489.3658986187293,5210.3777304253845
2023-01-14,4.508621808009532,1462.0180247928888,1366.028472700323,5379.520526724948
2023-01-15,5.3599996873617295,1482.8483448918716,1415.7080804951029,4929.788995311251
2023-01-16,6.461893353170643,1567.5012983729284,1524.2182192396974,5108.820730854477
2023-01-17,6.432898584936211,1587.1180302776247,1535.3145267114023,5077.878843999555
2023-01-18,5.783751618766669,1412.9890417924257,1492.750843395931,4866.186787382381
2023-01-19,4.266703056652838,1417.5765084687546,1490.670612016939,5065.726023698434
2023-01-20,2.7014242642252526,1390.8940645538546,1456.7702298708273,5363.661947710395
2023-01-21,1.6638092669151998,1351.299399959355,1304.0979051534605,4996.789576824194
2023-01-22,3.5360919722692215,1419.4296915659115,1483.2693732787745,5027.103288609789
2023-01-23,5.837106757699303,1575.730161755302,1564.5418766266218,5578.227842432564
2023-01-24,5.642227721134634,1570.4398264770193,1570.2232066184008,5407.410246565579
2023-01-25,4.639322779504104,1437.1010033320847,1564.353553347913,5006.353439806515
2023-01-26,2.7207401563636986,1348.548265763331,1426.9177204252314,5048.197990320991
2023-01-27,1.6515275638163616,1400.4442264770455,1380.4236666433342,5589.373730159352
2023-01-28,2.896216728156051,1431.5995478097022,1381.97670729872,5136.28524892581
2023-01-29,4.93154693442799,1534.5760606746096,1458.8089983019715,5645.4664206309035
2023-01-30,5.02749350517203,1636.9199269098965,1671.255833516596,5268.416674647684
2023-01-31,7.1343263627676246,1708.045334031771,1625.5007825311998,5298.325288521986
2023-02-01,6.623949776232369,1541.56943888867,1618.2472743395147,5011.257512329462
2023-02-02,4.827770309504268,1469.8232996874287,1474.452196944182,5379.984472821702
2023-02-03,5.316862839686264,1546.3168148419807,1495.58106375472,5272.3126356703815
2023-02-04,3.33291765588583,1530.719300272381,1423.4428042923157,5424.812210948547
2023-02-05,6.0001397034986566,1603.4501887438512,1616.7332295187814,5130.677203275602
2023-02-06,7.195404694352463,1701.0090218904447,1605.4088175205673,5099.031860874051
2023-02-07,9.153123472507161,1584.2982931377833,1522.526146763893,5308.930105232766
2023-02-08,6.171341392456957,1553.4413443009921,1593.825057922631,5320.216008131974
2023-02-09,4.589859623932867,1555.415349241275,1470.877942641082,5506.308202009631
2023-02-10,2.986790961068191,1467.9602747609645,1335.8096136229938,5206.968564076775
2023-02-11,3.5993547302576827,1810.7372583816343,1674.4960633581961,5250.561663777144
2023-02-12,4.751640428353086,1486.1087415950417,1621.489521929433,5263.17212583333
2023-02-13,5.002975647552517,1631.3759198839305,1672.2949864268621,5126.296462683004
2023-02-14,9.4917102007686,1677.4707821275001,1684.354090607517,4883.317632538807
2023-02-15,7.925099204611884,1570.0921648244575,1509.9971397765241,4879.662166679284
2023-02-16,4.457426616994483,1537.4842453300575,1399.6729337531508,4693.763973565491
2023-02-17,3.273936181637258,1481.2547558775118,1329.1022522718624,5237.57163482286
2023-02-18,2.66994584703372,1397.1184797615697,1402.426011138057,4937.504704487078
2023-02-19,4.113719644225958,1500.2169274745877,1523.244617997966,4986.06650949522
2023-02-20,5.426375980448357,1529.7888328743286,1446.8047704065775,4785.146572481986
2023-02-21,6.523763442911252,1575.9190214487162,1562.4600235115888,5027.123900223014
2023-02-22,7.378178484100825,1490.520518776083,1395.7620922373253,4994.761140782186
2023-02-23,3.779934189562169,1428.9481253337574,1449.4482766482738,5130.847407831246
2023-02-24,3.8672864082591007,1414.819838017018,1287.571269091557,5316.893102475233
2023-02-25,2.0886402095336414,1389.8954545241422,1454.6989807647456,5111.3933611289995
2023-02-26,4.919950213096471,1526.4742320711584,1497.764190775672,4979.354468611228
2023-02-27,7.365387666365162,1562.0791443762478,1510.5751606168562,5194.924413213147
2023-02-28,5.5507622141501525,1661.7141035338477,1594.5260530610212,5068.953595946098
2023-03-01,4.481957374381203,1516.3836533344306,1574.1319233710158,4833.354817912147
2023-03-02,2.549583867283648,1374.6632738311255,1477.7029835981568,5011.595467526467
2023-03-03,4.481751273717314,1428.1125885070273,1351.6053370552168,4852.158162768155
2023-03-04,2.2813288608507687,1497.0798311492226,1528.6090173994617,5019.582598870529
2023-03-05,7.230197461530543,1628.7574477140824,1447.365433987045,4914.84170588461
2023-03-06,7.41170411408158,1627.9330562623322,1673.408944641927,4824.653443338038
2023-03-07,7.837377508922656,1699.3369815422839,1672.0171188039658,5054.983350366286
2023-03-08,9.27377423524967,1685.4455867762529,1601.922589679497,5113.867438366866
2023-03-09,6.772238908726553,1529.9282493592343,1533.3081960619083,4985.875922965982
2023-03-10,4.670545327841121,1419.9284583829754,1512.9596808380966,5247.556346467414
2023-03-11,4.084836577625663,1418.4516224315462,1508.9801030042381,4911.7315879439775
2023-03-12,7.386927891988258,1656.040355045674,1491.8974474167264,5037.126338307277
2023-03-13,7.328175139654271,1730.8304525142726,1571.8313601313462,5055.3954461203475
2023-03-14,5.970779093782621,1610.6061966092827,1721.5653670332003,4980.027030471511
2023-03-15,7.6018568501391215,1574.7970470264856,1570.2531473306124,5077.915455077503
2023-03-16,4.745968713040827,1558.0972088319927,1467.418444120256,4932.595889168067
2023-03-17,2.611001528603646,1449.7507198992128,1306.885025347353,4701.957309771639
2023-03-18,2.9578443179229774,1414.69764441656,1449.9500923932817,4996.562776798778
2023-03-19,4.684914121027161,1598.045078882919,1548.2872710878075,4556.264186919157
2023-03-20,7.883259261721056,1557.9029522759329,1563.5481866517282,4788.303387474907
2023-03-21,7.056224011872537,1528.9580655731593,1630.0466266343988,5026.416982711566
2023-03-22,6.048994013397359,1596.9519042088202,1523.1155952242705,4964.850981090579
2023-03-23,5.668527903165845,1429.4594755826479,1476.2171049838792,5116.050686637622
2023-03-24,1.7362114052802173,1407.5192798599548,1373.2197326904372,4971.729277187499
2023-03-25,4.413941627498134,1416.523363853913,1373.4710964406256,4986.8952725589415
2023-03-26,6.920066092567069,1471.7578700659335,1472.2494116077228,5039.427357884462
2023-03-27,6.377672269101568,1545.5668279041581,1511.3496632400936,5086.489281884927
2023-03-28,7.2929423309102175,1575.0845238660559,1549.4434708484987,5179.7296246840915
2023-03-29,5.514826565729445,1551.8159476911258,1466.679567432215,4933.248895524624
2023-03-30,3.7538250680881764,1445.7468097971337,1534.1152671889588,5204.977932752067
2023-03-31,2.7974230322643603,1387.3127136850044,1562.1452857858408,5056.3655090468465
2023-04-01,4.153135651774819,1491.2854748726315,1431.2890797017021,5149.486792274498
2023-04-02,6.720962181022051,1594.4364983616708,1522.0503977123694,5307.240675666689
2023-04-03,7.89475979339332,1651.8878105499896,1627.5005392032724,5313.766810577325
2023-04-04,8.024777864189092,1622.7798762920238,1749.0744004349324,5288.671392293163
2023-04-05,8.06900579485777,1693.9662442252152,1669.2847131347073,4887.128559956803
2023-04-06,5.37473320897303,1600.8269465396177,1456.2093310806426,5191.865385856466
2023-04-07,5.115029801974914,1468.5544134557501,1540.5553451021378,5113.928160263307
2023-04-08,4.072804074309892,1475.0918289381664,1425.307981022674,5121.425810429711
2023-04-09,8.503250682874247,1592.9129299745882,1579.4613736845818,5281.182328430928
2023-04-10,7.039394967319276,1616.1024925740614,1642.6582008813784,5704.468794135487
2023-04-11,7.030149640476495,1736.8941276635135,1637.6361343720555,5507.741072302092
2023-04-12,6.95563220478383,1644.4974459744203,1629.4468002851022,5519.680405783016
2023-04-13,6.700012487731535,1576.8260710447694,1649.08615563843,5324.8166510113115
2023-04-14,4.154667120343885,1379.648075770556,1487.947297940893,5580.845200079103
2023-04-15,7.534128173652482,1445.067966281297,1450.6995824366952,5575.900550597673
2023-04-16,5.173577890017411,1521.120454850437,1442.4543506341215,5016.72961226856
2023-04-17,7.023951103838576,1683.7352029499068,1611.200505992275,5337.577447585405
2023-04-18,5.962096830242653,1597.849599376722,1600.7515186865842,5510.6332355953145
2023-04-19,6.134512370592102,1533.2784000668157,1547.7223219658397,5546.173160133715
2023-04-20,5.34005810080081,1418.599018357554,1483.2086110247094,5413.870804399803
2023-04-21,2.7909371645976,1419.6656742779878,1438.6703395699362,5079.625364701975
2023-04-22,4.588097013493433,1477.0261505851465,1362.4070473788595,5198.81230614004
2023-04-23,4.494944755254888,1511.9991093219999,1493.224888620255,5545.009023345971
2023-04-24,55.25110610020125,1589.325072426376,1493.933173553187,5773.792622967358
2023-04-25,7.8867806865566825,1688.460679189396,1405.3167760038425,5685.72345245412
2023-04-26,4.3780124987964095,1516.9099231990222,1273.633641341119,4768.747842835772
2023-04-27,3.6944024675075235,1466.5092592559947,1417.038392811232,5228.463495998606
2023-04-28,3.1110168640296574,1427.7934197556517,1308.7077298149927,5157.553666941245
2023-04-29,3.3191532687623577,1505.8154263489223,1414.0879425554085,5030.215420380378
2023-04-30,5.666048063965863,1626.9238154483664,1591.428931238323,5131.798589411477
2023-05-01,7.070507102260499,1581.8280750721563,1691.2471758678491,5187.224366720136
2023-05-02,7.719702482726356,1741.5939972088493,1649.9220440483234,5184.08283913031
2023-05-03,5.972217235091667,1648.9030920781636,1644.3055152937563,5320.969342117405
2023-05-04,6.414407812258131,1593.1216763599218,1487.0152109844353,5354.462585137601
2023-05-05,6.743319109092012,1508.747429914807,1545.3302989549352,5313.066759593685
2023-05-06,5.687881615292687,1407.904185606905,1512.7910108405806,5089.349000101657
2023-05-07,7.434660028026874,1563.6128599634123,1596.1214717996643,4863.493008385988
2023-05-08,6.5692113393489775,1731.252794641089,1652.2292801759202,5106.651459041443
2023-05-09,9.597503333454037,1728.068678918412,1698.2594809246734,5273.777353216266
2023-05-10,7.438190947552306,1660.328691148269,1697.9991960318769,5133.09896268577
2023-05-11,4.505215648424328,1613.10413248747,1585.9224822408983,4982.163905955401
2023-05-12,4.444530158464424,1534.1558149240625,1451.9172734565568,5010.182736202851
2023-05-13,6.005988441156113,1463.2815095890546,1464.2814169510525,5108.666029871141
2023-05-14,7.248176938044771,1541.7305259932384,1517.5318174230003,5245.6124051032475
2023-05-15,6.099016773274724,1724.264114667115,1601.6570208717478,5178.8768219156245
2023-05-16,7.495629066105564,1722.8995092055434,1646.329938980902,5424.516791112688
2023-05-17,7.208885574311331,1610.978351515224,1479.82613657185,5233.710133373944
2023-05-18,4.417397853851206,1476.0118223710267,1417.975943584653,5213.14769863176
2023-05-19,5.048572849755749,1350.033461349317,1454.0890842563176,5146.430829832949
2023-05-20,4.617885063316129,1480.3196581561008,1392.587788705124,5015.466368232022
2023-05-21,4.588499840306277,1152.0655176892506,960.7925209079824,5950.322020058266
2023-05-22,8.247751078695146,1298.9103384789169,1057.253006984956,6192.516799705933
2023-05-23,8.726290503934132,1369.0650367849819,1087.6307996741536,6744.651706013766
2023-05-24,5.37094982197039,1334.9981523451074,1101.5289724157815,6032.517258201782
2023-05-25,3.555928285190575,1192.07595695649,1002.8901359525767,5892.91304274522
2023-05-26,4.229948832880286,1371.4258979433084,912.9358312454399,6194.874901891759
2023-05-27,3.6856955537189924,1427.805571039058,984.9433738168834,6056.6929588462735
2023-05-28,6.778981894998731,1485.2466881500839,1513.4871357888537,5059.8704606037845
2023-05-29,4.474985287112062,1560.0224640412946,1664.1931889310138,5021.6163785019635
2023-05-30,7.696504715737303,1638.3973182502466,1613.8724252883908,4785.366140078444
2023-05-31,5.207082708453843,1578.6665685237233,1674.8261433663156,5503.582298618012
2023-06-01,4.438482929938471,1461.6127763398097,1486.738465960376,4804.392967000806
2023-06-02,3.084748575268396,1552.497474129998,1572.532620635202,4855.257948066022
2023-06-03,4.7970991039511555,1513.0923088309771,1534.7187531885897,5127.541043602068
2023-06-04,5.952416834314862,1656.8401311283421,1830.5394128138616,5030.341619764627
2023-06-05,25.64191674122657,1671.3979537421812,1817.3308251051287,5147.470816964935
2023-06-06,29.96846533657029,1685.423509525856,1812.0346013392004,5528.965267984563
2023-06-07,28.11684485919696,1691.7606963672008,1605.39245812988,4896.716837842398
2023-06-08,6.836552236997203,1585.4487990662974,1647.3239126798267,5448.080916708077
2023-06-09,4.458448001787622,1478.6250228904983,1468.8052984073122,4913.965965423602
2023-06-10,5.725948938765123,1494.2805397637912,1476.569272268862,5132.253032990424
2023-06-11,6.967704777863522,1534.70908646386,1583.4699946582173,5265.916631623215
2023-06-12,7.968523935614316,1625.199147997222,1683.1836270721365,5026.523610289556
2023-06-13,9.076620570077804,1690.8489287607074,1691.4819681788342,5140.454103635053
2023-06-14,7.250283184404318,1636.7218922107547,1658.2012911856407,4914.606872525327
2023-06-15,6.2268410479663245,1608.0347578545607,1514.2940634776255,5025.69204630846
2023-06-16,3.222213098600003,1462.9515488056159,1552.2624459641497,5186.385653581959
2023-06-17,3.083753991478791,1353.7469967671911,1491.3472784143955,4826.502241151454
2023-06-18,5.719407650125904,1537.2044582241226,1509.3326007979115,4865.17248001165
2023-06-19,7.245603908950951,1618.5322533650667,1615.3368886997725,5017.790605741422
2023-06-20,7.19782608812555,1640.3346357316186,1599.372513723243,5161.525882238745
2023-06-21,3.9391355087430755,1537.6029935911047,1446.5711873355172,5455.664897597577
2023-06-22,4.153189688748215,1513.5483413295922,1438.5716759295517,5286.935708533981
2023-06-23,2.7310597376127355,1444.3155171547044,1470.9045346788578,5199.887678950963
2023-06-24,2.8239906491356415,1457.553986331776,1431.9119870039592,5138.609834819434
2023-06-25,5.771536204376346,1549.4760315076883,1564.2049504837491,5068.468931721639
2023-06-26,7.735749652650709,1622.742122065734,1565.6919897314353,5204.494739299115
2023-06-27,9.131384837813442,1692.190326999728,1530.6610139875168,5231.524726449182
2023-06-28,6.60370108670463,1553.2913942833695,1604.1615328705493,5067.047944613437
2023-06-29,5.7604654326605385,1545.2009927139152,1613.5977853977008,5042.155995944669
2023-06-30,3.956400312489612,1446.1660122233343,1414.5491751125924,5052.284418264289
2023-07-01,6.920130025668322,1619.0852285592464,1451.3693905235293,4748.26375252571
2023-07-02,6.403417456448921,1583.4731988370331,1615.127992109337,5584.0035652048755
2023-07-03,7.1700136850389065,1739.382597397317,1720.8130587573514,4851.589681679172
2023-07-04,9.071203192539262,1734.4266372243087,1675.5265022235417,5299.34730943625
2023-07-05,6.464063549733174,1608.9050703120135,1680.6492526056918,5049.808265907165
2023-07-06,5.454510511858002,1595.8734720382915,1500.5336643187607,5099.124758087866
2023-07-07,4.840080118088335,1577.6126221789355,1660.7355834148311,5283.584746399641
2023-07-08,5.264223405108579,1570.1077108372476,1537.4806137297705,5506.933279155501
2023-07-09,5.872334911446891,1596.5199556966377,1615.0861845439863,5446.939943749911
2023-07-10,9.227449643971875,1725.2324799302114,1668.1414551445953,5017.092974666963
2023-07-11,8.281721340604857,1715.448256474802,1775.1569984582827,5328.993690961458
2023-07-12,9.48959966751021,1712.0446103928944,1724.9724472563976,4885.968161736919
2023-07-13,5.014901963739315,1590.1458218739913,1589.0651616873886,5530.660518664559
2023-07-14,5.13423134371728,1583.7085639831046,1519.3802440735612,5302.115470007536
2023-07-15,4.21761864891973,1588.689653860248,1547.0307286481225,5236.932650556837
2023-07-16,9.296611372540124,1569.812614062603,1548.3030776476885,5118.925146218289
2023-07-17,8.964778375603371,1633.3706830092676,1701.9866764390051,5227.3250315475425
2023-07-18,8.178053638701385,1686.3808411121015,1667.4125386110377,4614.258123353085
2023-07-19,6.278663888858404,1538.768831758055,1613.367322214675,5290.042228889155
2023-07-20,4.183958017276697,1470.041225303433,1478.140268266839,5570.895260598093
2023-07-21,3.3248055757433885,1403.2776601614323,1509.3630716821558,5420.514205038513
2023-07-22,2.8241898006963817,1427.7252457849222,1510.022416558309,5289.70435635411
2023-07-23,5.005649305907105,1538.3193198867536,1518.392791321809,5191.612817573873
2023-07-24,6.5318852148399955,1598.3674731090048,1601.2652835525078,5301.370020296388
2023-07-25,6.598903241059216,1707.590876041888,1504.4436095903072,5083.856413690046
2023-07-26,7.854901017723584,1632.7286492112805,1604.419292136493,5345.77601210578
2023-07-27,2.267935848733342,1529.0357826152397,1604.230441949998,4994.439067947704
2023-07-28,3.511226794506762,1483.8893445166436,1443.204209325842,5260.49401055553
2023-07-29,3.5397038385175383,1481.0611561368353,1494.815881471962,5263.122344800736
2023-07-30,7.753878164859937,1564.4297829254858,1566.4993994513695,5567.590790462483
2023-07-31,6.550110831921335,1733.0912633264854,1597.9073525328713,5307.08837331439
2023-08-01,7.870513198345338,1730.0481398995312,1663.1674137343377,5240.1410508737235
2023-08-02,8.989180495289293,1699.5899661839828,1628.9715732266034,5175.732385227347
2023-08-03,5.767815417724396,1665.9468562937986,1434.5051763522702,5571.143998128444
2023-08-04,3.826083876400022,1495.5977565683706,1502.1038168259745,5480.002616460573
2023-08-05,7.541827693667851,1464.2130230766397,1468.1286726021183,5329.375286756777
2023-08-06,7.20544908831195,1613.0538376042896,1651.3775161989884,5158.769349030213
2023-08-07,10.200778101508755,1681.2930168694352,1622.2048280417978,5620.002857954114
2023-08-08,8.831843688733336,1762.5897523790704,1773.47606502915,5282.515768715294
2023-08-09,6.437260557935132,1621.845124115789,1681.6491683865552,5272.067156982326
2023-08-10,6.0076378650382685,1660.5602626624764,1462.5584199799548,5297.215721999936
2023-08-11,5.268895638840172,1667.0364192530665,1516.2521559392715,4739.583680462432
2023-08-12,3.6700841086930716,1563.99606713233,1542.5628923762697,5367.088161079881
2023-08-13,5.612955029503305,1666.9961331548163,1537.9468970284834,5295.681241362769
2023-08-14,7.051453351347913,1620.387125322058,1630.0065660765476,5486.925324959889
2023-08-15,7.295560921711667,1734.0446348221644,1678.9347546479785,5200.323532943119
2023-08-16,5.8583609027539705,1651.549302862738,1519.5172187712826,5313.787917470661
2023-08-17,3.6428422550238393,1588.2711935205311,1565.4882026728585,5015.217727963023
2023-08-18,2.961343500025962,1506.0050518929206,1490.6370058287578,5259.222963412437
2023-08-19,4.026481518788921,1505.3035571868256,1615.766814455546,5063.94143743544
2023-08-20,6.200904005854,1567.4153965302164,1459.9126489263413,5261.0874012584445
2023-08-21,5.8805007529162925,1655.7633727125942,1696.9679521142566,4857.846391667482
2023-08-22,5.667081300085835,1743.3799784888945,1619.860057928659,5008.346303660007
2023-08-23,7.0801319029583,1538.7504032816955,1533.7679031193823,5031.5160711666695
2023-08-24,4.042788391539692,1504.3638027242534,1618.9432047159487,5085.272533859921
2023-08-25,3.904994706219631,1587.1835723228673,1505.3907661388912,4926.6333420686215
2023-08-26,4.732636456575304,1456.4715816492,1466.1780879187106,5193.939666099805
2023-08-27,6.504359692340058,1584.30545562181,1650.4897097578641,5143.592791040475
2023-08-28,7.212225039925139,1777.7018024319955,1715.8080758695312,5031.196348222248
2023-08-29,9.272963428229186,1838.6236939069036,1665.8613917803625,4775.69583591007
2023-08-30,9.623447603520606,1739.574766293703,1596.5935405473253,5025.324409380269
2023-08-31,6.927811410500643,1796.5644648190957,1572.9867725983584,5374.987101223081
2023-09-01,6.365496955591152,1629.0083499432683,1639.3875600371553,5022.706860546536
2023-09-02,6.15307792095415,1702.551333199848,1593.6753425659397,5114.641707336131
2023-09-03,7.964916338027116,1721.304059705613,1668.6721844168187,5063.536071786992
2023-09-04,10.573270724963992,1821.5911217624443,1610.4286009035295,5224.556134288742
2023-09-05,10.076346732232853,1839.2559525621705,1777.8084199336913,4854.385772504761
2023-09-06,9.048481214762365,1773.7356399467533,1676.5966147369372,4480.087453572839
2023-09-07,8.92333959800588,1785.6796126611362,1583.4550242815992,5026.688956481267
2023-09-08,3.955478185305565,1715.0912672698473,1504.1263423292162,5023.232008185094
2023-09-09,6.415133136538258,1720.2162275170874,1610.389281902109,5163.181278694071
2023-09-10,7.938364670471272,1727.5883595857917,1674.670762657518,5072.597664894515
2023-09-11,9.117419078160443,1836.2748250816542,1653.6826185342613,4823.953606029682
2023-09-12,11.664179007330869,1810.5531086423998,1738.6592881390598,4743.866384385364
2023-09-13,8.500076042287628,1844.7115799169349,1669.9188387506968,5368.080418785321
2023-09-14,7.014779263155355,1529.4123116818123,1517.4921134962033,5200.794940107294
2023-09-15,5.34584027563918,1622.1551704543594,1544.3711892922356,4915.193969104813
2023-09-16,3.36222399529205,1685.5616984215587,1460.298809306296,5194.807026730785
2023-09-17,6.987457504514588,1619.0945958636412,1594.654175576,5274.920130918553
2023-09-18,7.433027227869803,1794.2506609027137,1720.7827070670764,4706.053223111115
2023-09-19,10.305049296191179,1812.2729120655622,1691.933742112195,4857.16325538373
2023-09-20,6.871258093507324,1697.990290895966,1666.4624719064614,5013.87530728519
2023-09-21,7.59912506170659,1538.0647175855759,1588.7913128259415,5211.791585395827
2023-09-22,4.771781313671572,1630.6549800748037,1489.5575851694364,5212.177803446606
2023-09-23,3.5621592599790883,1688.236211761631,1511.0137277621207,5042.48883941134
2023-09-24,6.748632403365182,1673.4114903849493,1524.0520842595474,5239.5909203397305
2023-09-25,8.026167139536431,1747.356785986282,1599.1907724064226,4889.574982865045
2023-09-26,7.75247996389439,1797.4825320297268,1596.4780300846655,5280.094124209998
2023-09-27,8.331935622922844,1698.0066203481204,1644.9949997964225,5243.873466071082
2023-09-28,7.7196211974497935,1659.9835357971094,1549.847023266694,5130.652469378057
2023-09-29,6.1065102033789,1546.7290483838872,1626.40573637492,5517.277608631892
2023-09-30,8.725291148391467,1666.1255334473576,1619.3189710432755,5513.042148283995
2023-10-01,7.8145904945926645,1802.8838378362304,1574.8152118045566,5206.022384993593
2023-10-02,10.797519924565606,1729.7578767470459,1756.6111918428549,4940.358163885197
2023-10-03,9.110322274842577,1676.4174653848881,1235.7608177066015,6012.495251798918
2023-10-04,10.34145652232531,1511.701387881481,1168.3546724211578,6391.373622288182
2023-10-05,7.979601714355736,1389.6541536269087,1095.0471444823395,6135.784497230311
2023-10-06,7.31770331692428,1452.2490812744772,1156.4798385574823,6408.271880135089
2023-10-07,8.524736489621388,1415.6537714716062,1078.8335156509718,6591.42188483013
2023-10-08,8.467316341390529,1778.8746148159332,1153.1134803313196,6589.535614222067
2023-10-09,9.864279018886302,1802.4693785430495,1241.0118003038926,6390.056741929892
2023-10-10,9.4304541821422,1875.2905794332464,1618.1059302707679,5559.75892865927
2023-10-11,10.435280705552326,1865.8648787646605,1640.426527982755,4993.452363485512
2023-10-12,7.0962323245666985,1670.4392940058399,1553.218417858749,5411.861771653259
2023-10-13,5.139810266492961,1690.1130796985597,1501.4523988009812,4977.628709790767
2023-10-14,4.786837992973799,1621.015398956794,1618.4669596090303,5260.718574628666
2023-10-15,7.070196654816704,1761.9981968707534,1491.87071145092,5333.279107686095
2023-10-16,8.56273933819657,1772.481142665457,1641.9072628281515,5557.191097497257
2023-10-17,9.421658143781235,1672.7937800114803,1617.0572104496925,5455.876804040495
2023-10-18,7.805900888783771,1735.489776099131,1593.3408104579785,5428.027338165255
2023-10-19,5.787875858691956,1688.3747271192744,1553.9970232426022,5292.0512467682975
2023-10-20,4.142175074122593,1640.342955115642,1452.3516453434618,5547.401924700738
2023-10-21,3.324708406433178,1667.7806062134089,1531.8782578881262,5193.84091533467
2023-10-22,6.704029290971063,1726.8216472166919,1517.3444941747023,5536.6968891529405
2023-10-23,6.487475251488232,1785.800153424044,1641.2069654558684,5402.538590551992
2023-10-24,8.041148176638742,1832.5477301504834,1777.5024753915382,5400.192506891777
2023-10-25,7.741503348137877,1739.7128767443496,1589.1051149116395,5423.078131738979
2023-10-26,6.384231826585246,1701.6198675448848,1624.0591990673374,5265.23595524898
2023-10-27,5.446179414114942,1701.9898265800375,1497.278109446274,5004.367142707446
2023-10-28,3.0530166881714482,1653.2987810125082,1597.738170784956,5343.581840391133
2023-10-29,7.118130684715735,1581.3174216662828,1604.456515569045,5322.481438224297
2023-10-30,10.936858806177106,1813.6173738579728,1816.2298688969684,5910.660009856747
2023-10-31,8.73797122380522,1725.9681886669243,1742.011995445348,5194.306001636598
2023-11-01,9.390275670784465,1722.4615729986758,1605.2374098897837,5124.987657992514
2023-11-02,5.008549596044929,1636.8690011673216,1614.8488088685785,5495.22030234449
2023-11-03,7.40037710770169,1678.8475721476425,1598.685839124241,5237.035854445654
2023-11-04,5.676357196419186,1679.62205670402,1630.1490328224245,5285.576747450895
2023-11-05,6.707212345397411,1720.9527981043786,1641.7336719588932,5411.480919693502
2023-11-06,10.510831786458617,1769.15104157308,1569.785197838944,5492.010869556728
2023-11-07,10.662219673754985,1712.7403481475797,1711.14201909638,5293.594846603599
2023-11-08,6.001437203140034,1831.5924319584312,1814.884785277745,5330.5367939378675
2023-11-09,6.735091498553527,1612.2764815674673,1599.9618163801395,5041.752414362885
2023-11-10,6.583876329669327,1586.7164248362799,1531.068245644787,5311.474283974155
2023-11-11,3.489284224962522,1646.445939249348,1599.5524946705436,5094.481747280684
2023-11-12,7.116632953886493,1736.1887239409073,1607.816841868871,5097.274696635819
2023-11-13,8.020344357156034,1708.0833866696964,1706.2983169559768,5254.098442558491
2023-11-14,7.950275994074729,1749.164360918565,1555.16040807583,4929.9609720510925
2023-11-15,6.253359459306214,1648.4516328290338,1662.1617368574857,5245.969176067509
2023-11-16,4.428656287678566,1537.3100899818548,1598.6169690112322,5290.537814563655
2023-11-17,4.197445871251625,1515.8340194993023,1362.051788626014,5075.498868743519
2023-11-18,4.240769320197626,1536.417691711337,1431.4844743224999,5181.635468013435
2023-11-19,4.212522333060553,1587.6487122971268,1546.979584141721,5065.021763587922
2023-11-20,7.441517018367495,1648.4496288960875,1684.7158610464214,5219.7889073902825
2023-11-21,6.746634526101289,1750.3358598968796,1723.924293914542,5473.883089181003
2023-11-22,6.44041801122125,1706.0157706384662,1573.2838803138002,5265.716072619536
2023-11-23,5.94327449298453,1578.6976360245628,1562.8582383442927,4939.532727706315
2023-11-24,2.3693889196419673,1548.513864599989,1554.8077216764,5089.603164067562
2023-11-25,4.63497903950438,1613.7773809236198,1592.2713557052323,5022.203864270068
2023-11-26,7.007983090609788,1561.5033705476171,1628.4084972859687,4929.573226482113
2023-11-27,8.603417395315754,1715.5819928479075,1758.395367497724,5174.506443548058
2023-11-28,8.534139359308085,1757.6313593464201,1855.7355648567848,5012.084279830384
2023-11-29,8.889300952608659,1728.9980033664385,1577.992700208144,5107.3986549336805
2023-11-30,6.900427352231181,1656.8191175883849,1702.5069977894946,5087.895470251408
2023-12-01,5.485446763205613,1664.8958818185085,1512.4144807147654,5373.510079209535
2023-12-02,4.297323622099257,1652.1504826377968,1670.2045465971967,5022.463641441841
2023-12-03,7.552575963231333,1729.71943748602,1636.8896824276596,5118.474052172773
2023-12-04,9.9711459938466,1913.8379623799763,1758.6640527814,5095.71237145808
2023-12-05,10.261554048700035,1848.6415422098376,1909.1799521903552,5541.793603386851
2023-12-06,9.810773399036057,1861.7779636370599,1864.4608031893636,5130.113185112069
2023-12-07,6.899225738419882,1629.2566017866525,1665.0997691706502,5527.263883846793
2023-12-08,5.695359810374859,1676.0486032688596,1559.3639519674643,5053.130332839026
2023-12-09,4.797670384913338,1685.8701298005572,1492.7614180677615,5066.410260839097
2023-12-10,7.104774458156435,1672.6493339467754,1613.1324611298078,5226.720470792852
2023-12-11,8.073148953443738,1794.2176285570285,1829.0596747103418,5269.193483182994
2023-12-12,8.241697719279914,1791.39880748187,1630.8906291961493,5270.57855780318
2023-12-13,8.725687420287267,1719.5643621543386,1609.9176654468367,5658.486032206239
2023-12-14,4.918846318478682,1568.63971760689,1587.8331814028422,5191.8897762732995
2023-12-15,4.309051826595283,1560.3805410198058,1540.227858078021,5106.6246626567145
2023-12-16,3.9103779270871986,1527.2353393342223,1595.6739653843683,5356.572504805853
2023-12-17,7.325774341183323,1636.2939938373231,1640.9709532146562,5422.799277178306
2023-12-18,8.216359682545535,1685.7516659611726,1648.5589606371702,5190.323824377378
2023-12-19,8.310846625405523,1635.1444301739273,1680.8433504122138,5359.574110827917
2023-12-20,5.4558507134245,1637.0319161866016,1636.0952119045892,5563.825380286336
2023-12-21,4.994152931229471,1492.069675332506,1578.8871422421248,5307.724929104162
2023-12-22,3.4845867707017875,1557.2097960548688,1609.4822224460647,5289.558903286698
2023-12-23,5.299399152145294,1492.3849707669242,1635.9930818553705,5415.3941694385285
2023-12-24,6.2480718895902685,1633.0742034722603,1727.2061079119992,5438.2465857505995
2023-12-25,7.798193607385488,1717.4431560935334,1608.6986215344918,5326.271721005945
2023-12-26,9.009482994650329,1748.837699854906,1696.9238107833698,4968.947593497018
2023-12-27,8.620349849921613,1635.5309970132816,1664.9138988867867,5026.06179725783
2023-12-28,6.1581177027916425,1636.056388249536,1683.7355882828836,5174.182686724491
2023-12-29,4.386129443274251,1648.190921823941,1579.4447437587892,5167.639695647472
2023-12-30,6.500942541788804,1610.8269494784122,1597.9974129309617,5510.181979367638
2023-12-31,8.47504952031852,1721.407790070316,1640.2202837347568,5021.294461541033
2024-01-01,9.010574792302137,1879.0766667229325,1750.03022755554,4891.346142995722
2024-01-02,9.512477307048497,1799.8348995425226,1748.1666876016388,5153.209939393915
2024-01-03,9.549345592748296,1753.3691443480593,1682.4528084991953,5482.904162160166
2024-01-04,7.574265710137264,1790.532479863859,1669.0490572359213,5639.056684034332
2024-01-05,4.255512727798862,1650.8257761262864,1634.4782003299415,5675.7269530634
2024-01-06,8.002834363472196,1540.0194555399873,1706.7225696156763,5265.53723074911
2024-01-07,6.413711428675621,1652.9590864803076,1765.2880943541297,5770.600809588361
2024-01-08,10.41466608004927,1787.7915895932342,1725.592092799404,5678.502563552059
2024-01-09,9.484467591216251,1830.5276333753443,1797.0293383831001,5507.857414048388
2024-01-10,8.661296473546122,1828.3067092916149,1700.6975254023077,5312.501929159788
2024-01-11,5.615234534833068,1614.8913687366298,1653.6059185929544,5387.98811587016
2024-01-12,6.417824288342857,1618.784471155939,1592.6299543260761,5519.645728895578
2024-01-13,5.452121746577674,1582.4632958933012,1605.8910548363813,5609.696142272025
2024-01-14,6.678445845039535,1674.1496273471937,1745.379327021086,5399.060157685858
2024-01-15,6.020938012583851,1625.2484479648206,1736.8746204362187,5499.1454154512285
2024-01-16,8.165723142654096,1785.1661297753926,1791.4441269787803,5828.566085416092
2024-01-17,6.85362060369635,1633.45027631677,1729.3286072299152,5309.603444882589
2024-01-18,4.349662529675294,1551.00562472521,1553.323803361501,5640.318091727068
2024-01-19,4.999775377646567,1570.076602868203,1473.2299379587819,5285.749321587896
2024-01-20,4.595381058387806,1634.3333083980397,1511.4251329234894,5688.629075351325
2024-01-21,7.273998121059318,1629.2313184007232,1530.9859934274639,5154.67355734034
2024-01-22,6.900792334761278,1738.8707292510744,1637.856726123497,5330.337871854322
2024-01-23,9.68331159147304,1729.8257900166213,1721.188600790305,5656.769890114405
2024-01-24,6.872635377999342,1607.8355137441695,1766.6779073726882,5347.115991670084
2024-01-25,7.599692461304338,1617.0451341672917,1570.744744920099,5478.843952548373
2024-01-26,4.792057545790254,1576.8562310756,1609.9165559093924,5585.038198055054
2024-01-27,4.179190135913211,1610.940695323488,1592.037806329179,5366.6212804271245
2024-01-28,7.866452708977624,1723.9309311037925,1642.099104754852,5662.338515314224
2024-01-29,7.174765776376938,1802.2669285072266,1643.3118891690553,5861.024051258852
2024-01-30,10.6341408490766,1780.9992409789083,1747.13497986005,5713.028305313579
2024-01-31,8.746770946810381,1804.8085839998555,1729.2370968414223,5607.29748886351
2024-02-01,5.17513435273597,1757.5026312476007,1671.745119389879,5341.664248151295
2024-02-02,7.852073655659473,1626.4993530792212,1589.951860765131,5636.772640162405
2024-02-03,6.611343014843099,1683.8357869812687,1622.8959379166704,5391.3573580931115
2024-02-04,8.042732278461097,1823.5630827946557,1695.5329194911146,5612.867876360322
2024-02-05,10.252450164098828,1848.5098808454918,1843.8545738945575,5626.325624965757
2024-02-06,9.928321552217849,1854.0686916128907,1790.7741403775526,5573.408843172875
2024-02-07,9.711801914766395,1754.434947364868,1672.2240975401387,5772.451837434334
2024-02-08,8.351111462502685,1612.4491374626384,1598.6129004751488,5290.075862089469
2024-02-09,5.45745963936352,1602.2707340768388,1627.6985339324006,5524.137271733729
2024-02-10,5.84655414366062,1603.9298237005842,1459.831822291676,5409.376787659307
2024-02-11,6.620599681872512,1628.521380659101,1632.9864723880758,5166.938382985215
2024-02-12,8.036238927782575,1800.5416201817875,1670.8523453710213,5500.259433275885
2024-02-13,9.032988033104534,1779.3446517745047,1594.9663687683937,5704.088497577352
2024-02-14,7.0036016269031895,1751.9510592764284,1619.2451083958272,5437.844605005486
2024-02-15,4.745522706863339,1614.3763984242862,1548.9711788962056,5314.312831013461
2024-02-16,3.5172990273095364,1581.4009488801444,1492.1792799171726,5374.039310519699
2024-02-17,5.874850559553216,1529.4340745185673,1523.1558504330098,5692.472345306942
2024-02-18,4.285506378168729,1748.027734657537,1559.395121954129,5561.023278983973
2024-02-19,6.12976761157106,1716.9831802768113,1630.507752429219,5197.5299875533665
2024-02-20,9.056592439966458,1699.2061050693085,1690.3147155339302,5538.852255458959
2024-02-21,6.623953830353506,1740.78579309823,1645.1974205077092,5432.571920212313
2024-02-22,6.13398732698513,1572.9469344510708,1646.555037147001,5155.927891775497
2024-02-23,4.047395794627774,1746.0964751470328,1632.5389425204462,5133.94053312662
2024-02-24,7.243359365079001,1586.4617763416834,1707.4662642966002,5259.226253643726
2024-02-25,6.839055475376794,1721.2448417158266,1550.4934200703321,5505.151457357321
2024-02-26,9.48572453605336,1751.951201696399,1797.6293876464472,5271.180012918015
2024-02-27,6.880987374896769,1826.2877370848284,1825.9039071639672,5645.505212581519
2024-02-28,10.843644050778614,1705.685782004641,1744.4958859846965,5338.977801062214
2024-02-29,7.958847308568405,1672.4938245904373,1687.5635432832537,5568.025803546273
2024-03-01,4.582138190969717,1646.0952829310395,1552.761454613906,5463.844746127014
2024-03-02,6.1617910179971584,1719.9885528815355,1718.4871431837694,5403.7615821481095
2024-03-03,9.963048296968108,1758.829268001969,1626.0160649309476,5109.751589043875
2024-03-04,9.561291874951618,1847.5756871517779,1666.725816439368,5561.87003892271
2024-03-05,11.375030813755345,1834.8216178517703,1707.9015520296768,5356.640252250002
2024-03-06,8.637279413837788,1842.472960533359,1776.2764283167462,5322.021760832044
2024-03-07,7.321240038953791,1651.0022887293778,1801.834126975597,5021.161703037462
2024-03-08,7.127473189214786,1603.9810030215951,1575.8235015418231,5286.99724317989
2024-03-09,6.701143816897046,1734.8449120797002,1567.3540006067385,5371.032155573579
2024-03-10,6.825297928680167,1746.3480838483165,1795.1550830254246,5011.152742539592
2024-03-11,8.299818435480207,1790.7728376607124,1804.5345372794013,5326.543175813523
2024-03-12,9.221327984302741,1814.4264597047593,1767.5540320635969,5712.135694117529
2024-03-13,8.688258564960035,1760.3654503862067,1663.8696420263113,5501.8968583639435
2024-03-14,6.5806754641176495,1645.9333437907833,1579.3124160960645,5308.777180881518
2024-03-15,55.33494684186142,1601.4731867040564,1397.3509506134612,5539.367523569898
2024-03-16,5.636766258448038,1585.1849904420972,1491.6969809210664,5384.800261240725
2024-03-17,6.7540019961677205,1666.4114622609661,1412.4673465857236,5475.590438031215
2024-03-18,5.899779247653893,1679.7401266412458,1586.4358295259535,5604.194337568796
2024-03-19,8.617853530880987,1865.3892728914973,1619.5350804236036,5447.518661120973
2024-03-20,8.205400010699114,1734.3576298887824,1727.0993681081582,5455.713560059819
2024-03-21,5.706256885710484,1614.2807615912427,1534.5582829192456,5432.209023718667
2024-03-22,1.8179994086635851,1588.978135379328,1566.6787520757484,5443.793006032561
2024-03-23,5.41335853457409,1575.2075975285659,1676.2011031905183,5434.546307654479
2024-03-24,6.016423675847849,1718.6712939124293,1600.315392300556,5637.003079633056
2024-03-25,8.653316170834337,1681.057082999053,1693.345178233336,5252.534708795224
2024-03-26,10.558201329921022,1732.2161135930623,1759.0236030895646,5559.761769821092
2024-03-27,9.528870546875597,1870.8382048582268,1742.2514870810837,5474.520456158156
2024-03-28,7.504207863673928,1628.3771751243144,1660.1693992443209,5376.543646483783
2024-03-29,6.230949449658046,1751.5372548369216,1712.9568574047391,5420.02609867953
2024-03-30,7.693069442734501,1758.933958469594,1710.765023827531,5450.755964605734
2024-03-31,8.524480529678893,1797.2377331871112,1733.3703042918953,5696.221309672905
2024-04-01,10.191076063853254,1863.1122048552472,1727.0286873683774,5652.366346638987
2024-04-02,12.908611671584904,1849.7245603528595,1870.60719777688,5502.082787854652
2024-04-03,7.62070732637215,1796.910470959439,1872.6541686782473,5739.288108721947
2024-04-04,7.588184404932729,1759.3848306157854,1737.2551398773028,5675.1145951911485
2024-04-05,6.107170531182678,1665.1612052003834,1652.6511583103334,5791.053902217066
2024-04-06,7.1468003528836554,1753.1022557515412,1621.6075213224185,5571.518425170835
2024-04-07,8.670899618466793,1692.4637799015072,1729.5545254613533,5337.532924541863
2024-04-08,8.680221345221222,1831.5967502142257,1782.4202275766595,5426.773967700615
2024-04-09,9.903707433425291,1892.7936712099502,1703.13774464394,5670.678945786859
2024-04-10,8.326592683403494,1735.4198838577267,1768.453583976104,5571.0707614721505
2024-04-11,6.859464286476046,1778.0089263009722,1570.9634006289464,6065.36867496748
2024-04-12,2.894593373853218,1522.8086161455121,1680.9421956752349,5806.132959192551
2024-04-13,4.310788739686498,1608.8122605899177,1587.1390220987366,5882.248227234349
2024-04-14,7.95014416118598,1685.7448108002152,1649.3123877456553,5620.539951681017
2024-04-15,8.912366479235589,1709.279768490462,1697.7794910365012,5991.897412438693
2024-04-16,7.720655196676775,1789.4680033680759,1700.693422698689,5753.753510825599
2024-04-17,7.017030426202009,1726.8122837260514,1716.2557959646738,5806.458457504117
2024-04-18,5.617575023254018,1742.4591197854495,1619.245213801134,5790.139975538625
2024-04-19,4.227674427364761,1554.239746811932,1646.658345485073,5672.298357020891
2024-04-20,5.3031288211411445,1535.7821226725703,1575.9176633075745,5692.512263321063
2024-04-21,6.369801284757216,1638.1866386390116,1617.6918257660225,5784.077721829679
2024-04-22,9.270289354881218,1844.0635010266562,1718.071991313225,5267.3057775315565
2024-04-23,8.716954820284316,1806.731227387024,1732.4269867093412,5352.580567616487
2024-04-24,9.019020706820436,1766.2606830911013,1749.0036262894798,6021.271972129748
2024-04-25,5.381461515239354,1694.8688641208141,1588.700833532737,5395.1804690332765
2024-04-26,4.7760607524681,1644.3052749277733,1774.4782624287182,5997.871910287605
2024-04-27,5.931832562877587,1676.2934713303696,1665.8609218057284,5687.920550766225
2024-04-28,9.066685351400142,1747.046546836525,1808.8894748994812,5572.542802222741
2024-04-29,10.329300809622142,1794.0485009212796,1936.6385105453205,5364.618585378092
2024-04-30,10.05923875799576,1819.7244458452572,1918.6130903826245,5719.637665547429
2024-05-01,7.8665444624222935,1816.5912093867307,1853.3013904170793,5541.896419076235
2024-05-02,7.325560493074122,1704.0801147677535,1674.231117242306,5571.221266969763
2024-05-03,8.009284701610644,1706.8300430402076,1749.6987938582388,5883.694440516361
2024-05-04,8.393137107561971,1713.1331585949895,1532.9387276376258,5496.505765288321
2024-05-05,8.029293143001416,1798.4650705386855,1822.973062715337,5297.440048419939
2024-05-06,9.5806576694908,1866.227251323266,1837.915383249327,5638.257337962375
2024-05-07,10.399609861993442,1972.3495842064765,1850.4445568654219,5742.029079952416
2024-05-08,9.197713290523936,1822.2377855613877,1797.4452086763122,5488.997137345866
2024-05-09,8.358246479525894,1632.7133391253153,1649.9630164417551,5396.79445362895
2024-05-10,6.208178319150995,1653.2028668137261,1674.6400154271641,5351.872040388896
2024-05-11,6.054852446072478,1662.7001820821565,1587.4463141624701,5224.196897703433
2024-05-12,6.156032083502179,1783.222655334579,1754.1893362098076,5590.763133228224
2024-05-13,8.22216961523462,1706.1593803342912,1670.5963579749773,5706.119928427452
2024-05-14,9.269198027055564,1839.950107009757,1843.544568712965,5752.366653121264
2024-05-15,9.748979512286509,1797.5077718817895,1710.5992345524387,5401.314301654688
2024-05-16,5.665366290339383,1580.95971187336,1622.1448522227593,5474.718626597738
2024-05-17,4.547595740570531,1568.5403520063742,1554.147097800833,5280.8914233689975
2024-05-18,4.168809072748065,1639.894349513694,1550.8704743080411,5401.292869222808
2024-05-19,6.571232912625128,1745.7698715162117,1657.6910550301932,5615.086909597466
2024-05-20,8.645339664253816,1818.2147854506477,1744.8351786553874,5579.58990016793
2024-05-21,9.672595007584063,1800.2185819852996,1697.850917573864,5555.747708788734
2024-05-22,8.905558964425694,1750.461117672369,1734.8341102177194,5539.08196061486
2024-05-23,4.856672504501978,1666.906609653435,1672.1554592980087,5415.768968636202
2024-05-24,5.2938887044672285,1629.147684915444,1642.5434967514893,5632.671012147596
2024-05-25,7.499982396139563,1650.6629769336448,1635.5169723833517,5595.918570835763
2024-05-26,6.463054418959531,1770.4047876023612,1719.3296072467265,5591.679248141809
2024-05-27,9.82323528078804,1842.827883987711,1779.7825554751157,5776.419660702155
2024-05-28,13.08326065318434,1897.419873594916,1778.896533517505,5506.861873417486
2024-05-29,8.372747736961049,1818.1965054320633,1819.166454575909,5033.786948050753
2024-05-30,7.572081924369034,1780.9595164057112,1653.1058709007277,5295.426904135676
2024-05-31,7.100981241568995,1674.7504933890232,1580.0974442208576,5189.014087690691
2024-06-01,5.754543794264253,1752.7753537395115,1807.622513928654,5296.930747970389
2024-06-02,8.756044557404403,1807.7861448552799,1776.0411968999306,5209.461291967192
2024-06-03,10.28388069687571,1929.7733516395997,1741.537582605603,5593.075307753426
2024-06-04,9.47268217307267,1812.126821936833,1804.6319316156967,5426.280579159194
2024-06-05,10.477623270439452,1859.2212156846385,1722.7238866776272,5542.430074190272
2024-06-06,7.077106375213447,1793.2598266158375,1750.6502660742397,5339.072316745878
2024-06-07,5.819530877830518,1731.7894776310711,1676.3532529637341,5603.872294030762
2024-06-08,4.962760088521322,1663.176419025099,1564.681737599482,5388.562434167738
2024-06-09,10.387615926340606,1749.9824615921268,1820.6518172442659,5345.689595479524
2024-06-10,8.575818776006699,1858.9492258152393,1633.578028638889,5105.458019121757
2024-06-11,7.942512214081368,1899.5727168162346,1715.2900018293712,5224.496116584554
2024-06-12,8.706602186975575,1791.9148102954105,1702.0668159376944,5603.162756544132
2024-06-13,7.07495210044067,1592.413587137644,1599.0948749082422,5529.6452098934615
2024-06-14,4.877512178616979,1618.5710093116602,1526.0420340458986,5032.591926849112
2024-06-15,3.8442092650573065,1702.0513576925368,1692.347584491963,5216.311310954698
2024-06-16,5.676171161717768,1696.9698939664588,1704.9563709446752,5595.409787689981
2024-06-17,8.429159038171113,1846.142252767754,1724.087714624244,5431.009328705163
2024-06-18,8.522570639594807,1860.031398039564,1816.62994503931,5571.903631266026
2024-06-19,7.172821814739328,1777.3045420521667,1698.0102155861732,5515.690132617509
2024-06-20,5.088244011104212,1607.477249256213,1476.221129974484,5799.771791633766
2024-06-21,4.953398710580481,1596.6534395981487,1650.6839089711357,5403.317319990335
2024-06-22,4.031224548127751,1657.719769650068,1638.0645656953684,5820.300271447804
2024-06-23,5.847578611663843,1774.3662931583797,1762.8722692745687,5917.329307388485
2024-06-24,9.211144768695853,1844.9381693768348,1769.1697164111238,5151.544939131806
2024-06-25,10.853641956174721,1977.54031662486,1815.2349567598135,5155.585546025152
2024-06-26,10.574417365831644,1811.3062203741774,1744.665497366412,5849.078278298493
2024-06-27,7.704275799050524,1678.8851152740087,1764.7239219989665,5649.584397780822
2024-06-28,8.956036574957986,1745.9575145430765,1659.02340698223,5363.254806025082
2024-06-29,7.915800100799368,1743.6382810479638,1796.0651868424577,5541.821366275152
2024-06-30,7.457253057402876,1749.9400218138105,1715.9369195627771,5285.378149234359
2024-07-01,10.973764672735632,1862.7033639466301,1789.0064034239017,6005.916025626393
2024-07-02,9.713003890529057,1917.1328290383615,1897.927555910718,5337.169499063515
2024-07-03,9.417556733503378,1922.5800430957945,1725.5142344255275,5467.650952216964
2024-07-04,7.589748973463918,1871.3040931910436,1808.087334321696,5792.279514874166
2024-07-05,6.995045674225846,1729.8809981768252,1669.2547051998613,5697.529098704957
2024-07-06,7.77454815602021,1710.9456274799936,1793.8250782563723,5755.019227184759
2024-07-07,9.115637346065654,1838.602987553504,1791.1387774451102,5792.354688658675
2024-07-08,10.233005523137066,1819.1003132466915,1694.304700512348,5602.090093105184
2024-07-09,9.02811565062817,1853.1417134935828,1852.8957670886302,6112.431081930771
2024-07-10,7.755207446069073,1578.63761683543,1288.7611826411455,7067.338430950139
2024-07-11,7.3535915299655645,1475.1281462511804,1192.7320147227915,6290.625158639968
2024-07-12,4.514734036140889,1434.3560270828789,1076.1410819074595,6541.4045704373
2024-07-13,6.729559894420378,1332.346997467219,1010.5044885032873,6370.085954488592
2024-07-14,5.751623829059101,1493.3000532094081,1151.0884567106132,6908.623901575699
2024-07-15,9.040848052609409,1736.4855917443751,1200.7306015912013,6501.9248000652
2024-07-16,8.082157944430318,1944.5019372592815,1339.2470973671311,6271.366413419966
2024-07-17,7.3692313793933355,1803.9166799503596,1700.8896395169825,5554.156818733636
2024-07-18,6.3474106508989765,1695.673949549446,1671.8798792386715,5540.168721552052
2024-07-19,5.099912786898842,1570.3945365912843,1637.252475676046,5691.9100091796645
2024-07-20,6.587063775583932,1667.2993780706865,1544.9594382714076,5959.383994988639
2024-07-21,5.864313076064812,1784.239885953143,1612.3365669737302,5526.876259026993
2024-07-22,11.219433768941881,1834.7781023075306,1779.2722661313978,5783.568386205636
2024-07-23,6.713341076919856,1865.579101334083,1879.0339680138616,5245.089796540204
2024-07-24,8.733005490108782,1788.999417643389,1697.4429649374254,5889.625667900316
2024-07-25,8.225098301769059,1802.972288728836,1697.7415199032039,5812.582394948238
2024-07-26,4.642193808248001,1679.9573552587033,1709.5070187409817,5584.732971530465
2024-07-27,7.386799154554039,1802.5478245448458,1739.0805986253897,5761.87174487658
2024-07-28,5.814533035727911,1795.4218163811884,1837.8269083785349,5639.313784221074
2024-07-29,11.386235758071656,1957.024576862166,1914.110063178856,5541.894934255702
2024-07-30,11.042409569627235,1894.8824550047666,1820.6673406905195,5688.670552481484
2024-07-31,10.828228535214638,1757.6956910979072,1798.5323801409472,5475.486693099084
2024-08-01,8.075474664731622,1797.3507790029928,1723.7357399393982,5603.8124560551005
2024-08-02,6.102492813995723,1719.4455919641728,1711.1933677442437,5809.887277535263
2024-08-03,6.8284375482606245,1740.1637254430111,1650.132826185451,5781.282694373691
2024-08-04,9.509132778331958,1823.0677976111447,1809.4260967478551,5785.195224129109
2024-08-05,10.636093943279345,1935.1622222094434,1784.56184298694,5789.263397987999
2024-08-06,9.624456893090073,1945.6588189924225,1880.0783253369086,5780.726848062101
2024-08-07,10.190856694862424,1821.0306262995982,1690.2931614444456,5595.476743093338
2024-08-08,7.004583377254973,1849.9400580936126,1614.6737748586634,5418.992736358797
2024-08-09,7.763125981575202,1669.275212072272,1746.2215542090362,5241.849105217449
2024-08-10,7.023228029448241,1758.4331831010263,1623.226503819467,5571.568926843975
2024-08-11,7.396144432814657,1850.6595642066934,1781.689213162817,5420.397999104551
2024-08-12,9.58274409081198,1796.511621518096,1754.82862829124,5564.751748536183
2024-08-13,9.065437284335633,1787.6875380446377,1894.1388964308474,5414.0159386202295
2024-08-14,7.826657122358955,1795.396923294859,1681.670137195573,5467.091349739134
2024-08-15,6.182724032191078,1720.1296989373443,1621.7513924010436,5163.757474182855
2024-08-16,5.970517885884462,1627.7332568818565,1592.0540170101558,5141.398734077868
2024-08-17,4.445253847742272,1736.8088017474138,1688.133743082134,5340.0605108595655
2024-08-18,8.093512774276727,1690.765744797226,1656.9239886596752,5397.378722674171
2024-08-19,25.038564951957593,1873.6914578822045,1916.390265396234,5531.938345841616
2024-08-20,18.52947920448377,1905.2953116134413,1759.0243554644328,5599.261127356235
2024-08-21,8.19329896920316,1755.9431562793848,1783.3713103006307,5318.190134998483
2024-08-22,20.32744060366394,1672.0435390455934,1919.699812941977,5197.816076972781
2024-08-23,7.192260041248896,1724.4992678858007,1696.5204685184005,5386.079920400222
2024-08-24,6.454718332293513,1769.0618113430519,1624.3327648606323,5144.836978734608
2024-08-25,8.748136467995545,1832.363857904949,1860.4807414318104,5353.823161408212
2024-08-26,10.249755376636632,1862.9807014865921,1719.72057796658,5446.846431084302
2024-08-27,11.07392860855605,1912.9508552516854,1831.7932222613053,5376.717063346161
2024-08-28,8.055736843807338,1876.982049764083,1812.5932700356047,5455.483648922278
2024-08-29,9.898945102088009,1824.4679912045426,1758.7069884415826,5616.827466777633
2024-08-30,8.275686307849936,1754.6236828403025,1638.7788072607518,5162.232469017844
2024-08-31,8.801192631008018,1769.982827714499,1753.0898815173666,5095.108738489128
2024-09-01,7.296587009842652,1794.7146817482462,1828.9565348280025,5531.249383759802
2024-09-02,10.311755300862497,1917.2085559059067,1879.6361097120018,5455.835713364361
2024-09-03,12.272149983052946,1915.2684537645423,1880.5449928727573,5331.164225445336
2024-09-04,8.605293152584238,1852.6629887237084,1741.069251649001,5331.0745300486515
2024-09-05,7.9393137143260315,1861.7875662601828,1863.6074864024406,5568.609767395395
2024-09-06,5.963037315749693,1695.6071756972115,1634.790124952697,5077.833812169861
2024-09-07,7.100330220425632,1745.623832312485,1771.8297478728973,5521.584474238069
2024-09-08,8.68240808749191,1824.4578818779441,1742.1997111313913,5133.518449725508
2024-09-09,7.477588525356352,1824.1553428918978,1898.9250483302385,5782.171371305948
2024-09-10,12.348097987668986,1909.6290089978409,1773.7267883465706,5547.958614125392
2024-09-11,8.34277977765514,1802.4921088327717,1757.0290984604947,5375.839756914967
2024-09-12,7.808614489230909,1701.7585632519895,1641.6115043139398,5396.943145483892
2024-09-13,5.925010249613782,1647.7997372713626,1617.6008701160295,5600.693822363145
2024-09-14,7.042874450068603,1638.4938017032607,1674.46085686745,5463.7065244196765
2024-09-15,7.537199818748244,1637.4606554224642,1648.4169527714791,5391.413271971497
2024-09-16,9.37274688145766,1781.5133581929267,1912.606807462532,5358.467546978853
2024-09-17,10.6043984232117,1986.0489632633858,1780.900389089407,5762.153964093825
2024-09-18,9.377322473619392,1857.1965109157534,1685.3438080349006,5529.131569098411
2024-09-19,6.380100584874471,1751.5025634665085,1703.429828397768,5066.258611939653
2024-09-20,6.186392949418037,1634.9950880664062,1684.2352904020697,5943.086660477833
2024-09-21,5.932124725649413,1681.24557296611,1720.405359129633,5621.855161447323
2024-09-22,9.716285290746915,1775.5436895789815,1719.7131257658264,5755.569640773694
2024-09-23,8.96808937868019,1920.5013267110176,1911.6665117937757,5666.001642642185
2024-09-24,11.868565648078997,1927.9134152987292,1916.9113511088494,5273.322901208046
2024-09-25,7.790061214137779,1947.159393513917,1895.6583692444663,5843.288556125579
2024-09-26,8.705896590407955,1789.2921224004606,1808.6021527099322,5732.872896206334
2024-09-27,7.128722094053698,1832.4916636215062,1777.9482798921317,5521.395871061784
2024-09-28,9.953577874265019,1787.6640518136217,1698.2923244870333,5459.656792587806
2024-09-29,7.886979355997118,1808.9653382940096,1885.2768078968872,5884.77979132272
2024-09-30,11.52145607705621,1937.9153175396593,1864.477741495936,5717.431991167942
2024-10-01,10.403431717818416,1945.609292406822,1913.1148298189987,5611.020242735029
2024-10-02,9.889012552515164,1914.2008341400535,1986.8677291798695,5757.144290393419
2024-10-03,7.615450505311215,1820.915732840105,1736.1662083814483,5778.316135442301
2024-10-04,7.592020939623491,1775.3316222876479,1669.8078309297694,5481.314121494528
2024-10-05,7.9734387299136715,1862.4411597634264,1786.0647082135038,5823.30444510751
2024-10-06,8.181103856990235,1793.4012044054243,1877.663636274801,5668.84418104977
2024-10-07,9.84386876898482,1895.9211152631217,1924.6964655974864,5740.6043058843525
2024-10-08,9.238162701018705,1914.0328833575018,1781.2199226179946,5673.254147075456
2024-10-09,9.769916139034848,1896.5881866426002,1797.7004636832105,5644.11761780735
2024-10-10,7.289131448530625,1714.9766474618705,1647.8436634727839,5317.8702482891185
2024-10-11,7.234798913033064,1679.6700352564803,1558.4762714030794,5913.4716153094105
2024-10-12,5.326016461496873,1712.06733846188,1725.9000228553607,5596.01641888701
2024-10-13,6.014816946583031,1765.585788932792,1667.6747292834034,5835.102819661566
2024-10-14,9.560051361991441,1886.934994288438,1867.9742251944144,5583.197897489899
2024-10-15,9.102950682294814,1876.8784109353815,1868.3731915672586,5865.934038120943
2024-10-16,7.680945722373108,1826.186795479353,1813.520145996369,5818.376440594694
2024-10-17,8.603108749257409,1735.5132641310474,1676.7035589907878,5696.974917140268
2024-10-18,5.193802279433103,1721.899345553731,1645.283796985734,5516.954715942491
2024-10-19,6.778668593264976,1713.016424788466,1662.9272523924064,5810.068017619106
2024-10-20,6.552313635941115,1740.505089496593,1724.0998869219668,6089.913708581164
2024-10-21,10.052021821523489,1845.9499048994278,1826.7261822542735,5879.971543127629
2024-10-22,10.376322859717387,1995.4702784813417,1837.6831575365457,5479.7862786084215
2024-10-23,10.270633356976795,1952.1135514881935,1758.8945974908042,6004.8872700629645
2024-10-24,8.729606744288033,1794.0522748634132,1827.0573567396611,5540.790694202774
2024-10-25,7.017684617246368,1816.328771780878,1651.8372748932313,5847.556019183441
2024-10-26,8.80020525589563,1763.8985438607888,1651.1377362924914,5935.033892414947
2024-10-27,9.081407544193578,1856.3124210106862,1834.5315801136887,5223.87897592881
2024-10-28,11.750219765135526,1891.9000261872136,1921.2922656144735,5527.859943721685
2024-10-29,10.876623055544671,1921.520313049394,1904.9503775670976,5746.042589619351
2024-10-30,10.595861225395153,1909.6599829950032,1850.0000621229424,5747.645795158353
2024-10-31,6.684629419181808,1812.7902488888565,1709.9456435827435,5837.705537819587
2024-11-01,8.376454619741915,1805.7934667092165,1706.994032504952,5565.883455884169
2024-11-02,8.881827338397986,1864.8921309744883,1727.7691053635945,5827.085250083679
2024-11-03,9.5873509618226,1842.0856928875446,1786.3243010438937,5563.2775125531925
2024-11-04,9.880845735040639,1917.8394388006543,1924.2680317623708,5896.178672696141
2024-11-05,11.305905408664698,1984.3467302721713,1840.2066123839575,5558.498035750667
2024-11-06,9.22448344423966,1796.7594035796853,1788.869591736114,5819.243029471751
2024-11-07,8.149893640026985,1817.0700086157028,1802.227449729525,5443.822325602579
2024-11-08,5.1831128415573975,1768.7746866008185,1586.0822961971812,5588.530408001991
2024-11-09,5.529636694635352,1783.2173546093484,1704.5609050267929,5929.438617094827
2024-11-10,7.762096393808125,1824.5527818592607,1734.0080424596094,5639.6074523598545
2024-11-11,8.99358627137356,1909.9687823164404,1728.389602852497,5481.437075171277
2024-11-12,59.36961075299685,1906.1272509631076,1799.075464615921,5991.3916151278245
2024-11-13,6.761824567494921,1893.3074205302212,1642.1899783636616,5588.342985665595
2024-11-14,6.165596877634586,1784.3657128343307,1519.9939728729562,5651.776255837572
2024-11-15,5.287871810594894,1746.9516351339357,1707.8840108463382,5425.067984182364
2024-11-16,5.898192962691799,1733.990504333682,1710.9093086210703,5784.574530242789
2024-11-17,7.929783153572427,1827.5611841831976,1824.6423368075687,5423.775617248271
2024-11-18,8.054630967650555,1835.4681095136286,1896.144105469333,5584.946500325848
2024-11-19,9.048241648885588,1893.3802527449388,2020.585198892822,5356.966227083911
2024-11-20,9.205847688765138,1850.646309161593,1816.5701639809313,5620.662405209448
2024-11-21,6.7716816108433795,1786.1950819588476,1744.106030478579,5586.20625962435
2024-11-22,6.766639658055486,1805.541609406315,1690.000145345562,5705.59829233042
2024-11-23,7.7477755450417565,1696.341987169617,1683.390527867407,5672.7837712559185
2024-11-24,8.98386074684144,1831.5089517399954,1836.276600458218,5763.105846982928
2024-11-25,9.842461236381174,1894.8432979978136,1891.380645099494,5701.513253978837
2024-11-26,12.714744029300524,1992.2804045026578,1952.3759401076225,5572.12994967215
2024-11-27,10.060664738132365,1917.3409235101994,1954.1776806214536,5474.752917415685
2024-11-28,8.669776289445526,1827.5809902581084,1858.8271074806605,5114.978016214179
2024-11-29,10.592193103210178,1840.4117740737595,1788.272929099467,5390.349909851022
2024-11-30,7.6109638580146175,1808.4743886268216,1625.4015777994384,5557.826675930238
2024-12-01,9.627462537577955,1873.2253569508362,1800.4253058328372,5253.856583087453
2024-12-02,12.920296238519096,1926.4142427364452,1827.4472053074642,5672.705874719828
2024-12-03,11.661392182630694,1953.9391864330555,1837.3585852361136,5373.674976848324
2024-12-04,8.476819525048283,1897.131686307819,1906.9719263674895,5786.580786765822
2024-12-05,9.005405663917841,1845.6511171362215,1689.3704083229156,5581.112925275408
2024-12-06,9.329339590248773,1811.809979767097,1778.776217347985,5508.333708799604
2024-12-07,7.283261917422551,1870.0777968272653,1778.2520204572,5563.025331032936
2024-12-08,10.153409798332305,1821.9498621592857,1649.7649966542656,5601.581254722833
2024-12-09,10.033373507907802,1929.1270586680835,1849.3028146599809,5452.287179541383
2024-12-10,10.201598170860535,1869.020356960122,1893.8720017594046,5642.3696549776205
2024-12-11,9.620007845300215,1776.930277188562,1867.9596488133302,5393.34048400457
2024-12-12,6.8371922397200375,1707.8445937483339,1789.834146567837,5680.909898943551
2024-12-13,6.188813601696881,1748.5061278530927,1654.0036758763301,5530.6011160419575
2024-12-14,6.413264725226407,1679.6556707249897,1693.7719688531843,5738.742597593302
2024-12-15,8.013509983560603,1789.4355727998532,1791.5327460671017,5505.740145978757
2024-12-16,11.385031576801484,1963.5291534873545,1781.7701402232933,5680.286609647145
2024-12-17,11.149872262609412,1894.1428492502494,1860.3344686406324,5561.036342872627
2024-12-18,8.714926839463642,1796.3149741176207,1757.8066961053648,5837.156033765897
2024-12-19,4.332487508979005,1785.8554403140686,1752.8260780173418,5882.085825708232
2024-12-20,6.441191881139431,1670.604452095912,1739.503182905991,5953.414891897425
2024-12-21,7.354878581164836,1831.0173393641205,1711.1068488231756,5573.1260985878225
2024-12-22,8.545167200408361,1830.3702454129939,1748.5111906385293,5335.299871315796
2024-12-23,11.24266505377015,1984.7973049456807,1959.4186421791658,5715.894285739116
2024-12-24,12.646422396594433,1966.2052808005471,1855.6689921547268,5837.8391847816765
2024-12-25,10.983717508791232,1951.682251016937,1950.307406210752,5975.586744535964
2024-12-26,8.164508783890746,1814.177196734266,1821.6192741303114,6162.517594325976
2024-12-27,6.711179489087946,1825.9246809402146,1825.38684016267,5839.759992933038
2024-12-28,8.104560126650266,1856.946715386647,1927.1779024115096,5422.754528534874
2024-12-29,11.700462074236642,2011.5584367858507,1812.763465548271,5846.290328062592
2024-12-30,11.68106534375514,2031.6802685478021,2011.9303069267232,6240.312303337314
